season,name,position,conference
2018,Patrick Mahomes,QB,AFC
2018,Philip Rivers,QB,AFC
2018,Tom Brady,QB,AFC
2018,Andrew Luck,QB,AFC
2018,Deshaun Watson,QB,AFC
2018,James Conner,RB,AFC
2018,Melvin Gordon,RB,AFC
2018,Phillip Lindsay,RB,AFC
2018,Lamar Miller,RB,AFC
2018,Anthony Sherman,FB,AFC
2018,DeAndre Hopkins,WR,AFC
2018,Tyreek Hill,WR,AFC
2018,Keenan Allen,WR,AFC
2018,Antonio Brown,WR,AFC
2018,JuJu Smith-Schuster,WR,AFC
2018,Jarvis Landry,WR,AFC
2018,Travis Kelce,TE,AFC
2018,Eric Ebron,TE,AFC
2018,Jared Cook,TE,AFC
2018,Taylor Lewan,OT,AFC
2018,Alejandro Villanueva,OT,AFC
2018,Eric Fisher,OT,AFC
2018,David DeCastro,OG,AFC
2018,Marshal Yanda,OG,AFC
2018,Quenton Nelson,OG,AFC
2018,Joel Bitonio,OG,AFC
2018,Maurkice Pouncey,C,AFC
2018,Mike Pouncey,C,AFC
2018,J.J. Watt,DE,AFC
2018,Myles Garrett,DE,AFC
2018,Melvin Ingram,DE,AFC
2018,Calais Campbell,DE,AFC
2018,Geno Atkins,DT,AFC
2018,Jurrell Casey,DT,AFC
2018,Cameron Heyward,DT,AFC
2018,Kyle Williams,DT,AFC
2018,Brandon Williams,DT,AFC
2018,Von Miller,OLB,AFC
2018,Jadeveon Clowney,OLB,AFC
2018,Dee Ford,OLB,AFC
2018,T.J. Watt,OLB,AFC
2018,C.J. Mosley,ILB,AFC
2018,Benardrick McKinney,ILB,AFC
2018,Xavien Howard,CB,AFC
2018,Jalen Ramsey,CB,AFC
2018,Stephon Gilmore,CB,AFC
2018,Denzel Ward,CB,AFC
2018,Chris Harris Jr.,CB,AFC
2018,Derwin James,FS,AFC
2018,Eric Weddle,FS,AFC
2018,Jamal Adams,SS,AFC
2018,Brett Kern,P,AFC
2018,Jason Myers,K,AFC
2018,Andre Roberts,KR,AFC
2018,Adrian Phillips,ST,AFC
2018,Casey Kreiter,LS,AFC
2018,Drew Brees,QB,NFC
2018,Jared Goff,QB,NFC
2018,Aaron Rodgers,QB,NFC
2018,Russell Wilson,QB,NFC
2018,Mitchell Trubisky,QB,NFC
2018,Dak Prescott,QB,NFC
2018,Todd Gurley,RB,NFC
2018,Saquon Barkley,RB,NFC
2018,Ezekiel Elliott,RB,NFC
2018,Alvin Kamara,RB,NFC
2018,Kyle Juszczyk,FB,NFC
2018,Michael Thomas,WR,NFC
2018,Julio Jones,WR,NFC
2018,Davante Adams,WR,NFC
2018,Adam Thielen,WR,NFC
2018,Mike Evans,WR,NFC
2018,Amari Cooper,WR,NFC
2018,Zach Ertz,TE,NFC
2018,George Kittle,TE,NFC
2018,Austin Hooper,TE,NFC
2018,Terron Armstead,OT,NFC
2018,Tyron Smith,OT,NFC
2018,Trent Williams,OT,NFC
2018,Lane Johnson,OT,NFC
2018,Charles Leno,OT,NFC
2018,Jake Matthews,OT,NFC
2018,Brandon Brooks,OG,NFC
2018,Zack Martin,OG,NFC
2018,Trai Turner,OG,NFC
2018,Andrus Peat,OG,NFC
2018,Larry Warford,OG,NFC
2018,Alex Mack,C,NFC
2018,Max Unger,C,NFC
2018,Cody Whitehair,C,NFC
2018,Cameron Jordan,DE,NFC
2018,DeMarcus Lawrence,DE,NFC
2018,Danielle Hunter,DE,NFC
2018,Aaron Donald,DT,NFC
2018,Fletcher Cox,DT,NFC
2018,Akiem Hicks,DT,NFC
2018,DeForest Buckner,DT,NFC
2018,Kawann Short,DT,NFC
2018,Khalil Mack,OLB,NFC
2018,Ryan Kerrigan,OLB,NFC
2018,Anthony Barr,OLB,NFC
2018,Olivier Vernon,OLB,NFC
2018,Luke Kuechly,ILB,NFC
2018,Bobby Wagner,ILB,NFC
2018,Leighton Vander Esch,ILB,NFC
2018,Kyle Fuller,CB,NFC
2018,Patrick Peterson,CB,NFC
2018,Darius Slay,CB,NFC
2018,Byron Jones,CB,NFC
2018,Eddie Jackson,FS,NFC
2018,Harrison Smith,FS,NFC
2018,Landon Collins,SS,NFC
2018,Malcolm Jenkins,SS,NFC
2018,Michael Dickson,P,NFC
2018,Aldrick Rosas,K,NFC
2018,Tarik Cohen,KR,NFC
2018,Cory Littleton,ST,NFC
2018,Michael Thomas,ST,NFC
2018,Don Muhlbach,LS,NFC
2019,Lamar Jackson,QB,AFC
2019,Patrick Mahomes,QB,AFC
2019,Deshaun Watson,QB,AFC
2019,Ryan Tannehill,QB,AFC
2019,Nick Chubb,RB,AFC
2019,Derrick Henry,RB,AFC
2019,Mark Ingram II,RB,AFC
2019,Patrick Ricard,FB,AFC
2019,Keenan Allen,WR,AFC
2019,Jarvis Landry,WR,AFC
2019,Tyreek Hill,WR,AFC
2019,Courtland Sutton,WR,AFC
2019,D.J. Chark,WR,AFC
2019,Mark Andrews,TE,AFC
2019,Travis Kelce,TE,AFC
2019,Jack Doyle,TE,AFC
2019,Ronnie Stanley,OT,AFC
2019,Laremy Tunsil,OT,AFC
2019,Trent Brown,OT,AFC
2019,Orlando Brown Jr.,OT,AFC
2019,Marshal Yanda,OG,AFC
2019,Quenton Nelson,OG,AFC
2019,David DeCastro,OG,AFC
2019,Joel Bitonio,OG,AFC
2019,Rodney Hudson,C,AFC
2019,Maurkice Pouncey,C,AFC
2019,Ryan Kelly,C,AFC
2019,Calais Campbell,DE,AFC
2019,Joey Bosa,DE,AFC
2019,Frank Clark,DE,AFC
2019,Melvin Ingram,DE,AFC
2019,Josh Allen,DE,AFC
2019,Cameron Heyward,DT,AFC
2019,Chris Jones,DT,AFC
2019,Geno Atkins,DT,AFC
2019,Jurrell Casey,DT,AFC
2019,Von Miller,OLB,AFC
2019,T.J. Watt,OLB,AFC
2019,Matthew Judon,OLB,AFC
2019,Darius Leonard,ILB,AFC
2019,Dont'a Hightower,ILB,AFC
2019,Tremaine Edmunds,ILB,AFC
2019,Stephon Gilmore,CB,AFC
2019,Tre'Davious White,CB,AFC
2019,Marcus Peters,CB,AFC
2019,Marlon Humphrey,CB,AFC
2019,Joe Haden,CB,AFC
2019,Minkah Fitzpatrick,FS,AFC
2019,Earl Thomas,FS,AFC
2019,Jamal Adams,SS,AFC
2019,Brett Kern,P,AFC
2019,Justin Tucker,K,AFC
2019,Mecole Hardman,KR,AFC
2019,Andre Roberts,KR,AFC
2019,Matthew Slater,ST,AFC
2019,Morgan Cox,LS,AFC
2019,Russell Wilson,QB,NFC
2019,Drew Brees,QB,NFC
2019,Aaron Rodgers,QB,NFC
2019,Kirk Cousins,QB,NFC
2019,Dalvin Cook,RB,NFC
2019,Christian McCaffrey,RB,NFC
2019,Ezekiel Elliott,RB,NFC
2019,Alvin Kamara,RB,NFC
2019,Kyle Juszczyk,FB,NFC
2019,C.J. Ham,FB,NFC
2019,Julio Jones,WR,NFC
2019,Michael Thomas,WR,NFC
2019,Mike Evans,WR,NFC
2019,Chris Godwin,WR,NFC
2019,Amari Cooper,WR,NFC
2019,Kenny Golladay,WR,NFC
2019,Davante Adams,WR,NFC
2019,George Kittle,TE,NFC
2019,Zach Ertz,TE,NFC
2019,Jared Cook,TE,NFC
2019,Austin Hooper,TE,NFC
2019,David Bakhtiari,OT,NFC
2019,Tyron Smith,OT,NFC
2019,Terron Armstead,OT,NFC
2019,Lane Johnson,OT,NFC
2019,Zack Martin,OG,NFC
2019,Brandon Brooks,OG,NFC
2019,Brandon Scherff,OG,NFC
2019,Trai Turner,OG,NFC
2019,Andrus Peat,OG,NFC
2019,Larry Warford,OG,NFC
2019,Jason Kelce,C,NFC
2019,Travis Frederick,C,NFC
2019,Cameron Jordan,DE,NFC
2019,Nick Bosa,DE,NFC
2019,Danielle Hunter,DE,NFC
2019,Everson Griffen,DE,NFC
2019,Aaron Donald,DT,NFC
2019,Fletcher Cox,DT,NFC
2019,Grady Jarrett,DT,NFC
2019,Kenny Clark,DT,NFC
2019,Chandler Jones,OLB,NFC
2019,Khalil Mack,OLB,NFC
2019,Shaquil Barrett,OLB,NFC
2019,Za'Darius Smith,OLB,NFC
2019,Bobby Wagner,ILB,NFC
2019,Luke Kuechly,ILB,NFC
2019,Jaylon Smith,ILB,NFC
2019,Eric Kendricks,ILB,NFC
2019,Marshon Lattimore,CB,NFC
2019,Richard Sherman,CB,NFC
2019,Darius Slay,CB,NFC
2019,Jalen Ramsey,CB,NFC
2019,Kyle Fuller,CB,NFC
2019,Shaquill Griffin,CB,NFC
2019,Xavier Rhodes,CB,NFC
2019,Budda Baker,FS,NFC
2019,Eddie Jackson,FS,NFC
2019,Harrison Smith,SS,NFC
2019,Tress Way,P,NFC
2019,Wil Lutz,K,NFC
2019,Deonte Harris,KR,NFC
2019,Cordarrelle Patterson,ST,NFC
2019,Rick Lovato,LS,NFC
2020,Patrick Mahomes,QB,AFC
2020,Josh Allen,QB,AFC
2020,Deshaun Watson,QB,AFC
2020,Derrick Henry,RB,AFC
2020,Nick Chubb,RB,AFC
2020,Josh Jacobs,RB,AFC
2020,Patrick Ricard,FB,AFC
2020,Tyreek Hill,WR,AFC
2020,Stefon Diggs,WR,AFC
2020,Keenan Allen,WR,AFC
2020,A.J. Brown,WR,AFC
2020,Travis Kelce,TE,AFC
2020,Darren Waller,TE,AFC
2020,Eric Fisher,OT,AFC
2020,Laremy Tunsil,OT,AFC
2020,Orlando Brown Jr.,OT,AFC
2020,Joel Bitonio,OG,AFC
2020,Quenton Nelson,OG,AFC
2020,David DeCastro,OG,AFC
2020,Maurkice Pouncey,C,AFC
2020,Ryan Kelly,C,AFC
2020,Joey Bosa,DE,AFC
2020,Myles Garrett,DE,AFC
2020,Frank Clark,DE,AFC
2020,Cameron Heyward,DT,AFC
2020,Chris Jones,DT,AFC
2020,Calais Campbell,DT,AFC
2020,Bradley Chubb,OLB,AFC
2020,T.J. Watt,OLB,AFC
2020,Matthew Judon,OLB,AFC
2020,Darius Leonard,ILB,AFC
2020,Xavien Howard,CB,AFC
2020,Tre'Davious White,CB,AFC
2020,Stephon Gilmore,CB,AFC
2020,Marlon Humphrey,CB,AFC
2020,Minkah Fitzpatrick,FS,AFC
2020,Justin Simmons,FS,AFC
2020,Tyrann Mathieu,SS,AFC
2020,Jake Bailey,P,AFC
2020,Justin Tucker,K,AFC
2020,Andre Roberts,KR,AFC
2020,Matthew Slater,ST,AFC
2020,Morgan Cox,LS,AFC
2020,Aaron Rodgers,QB,NFC
2020,Russell Wilson,QB,NFC
2020,Kyler Murray,QB,NFC
2020,Dalvin Cook,RB,NFC
2020,Alvin Kamara,RB,NFC
2020,Aaron Jones,RB,NFC
2020,Kyle Juszczyk,FB,NFC
2020,Davante Adams,WR,NFC
2020,DeAndre Hopkins,WR,NFC
2020,DK Metcalf,WR,NFC
2020,Justin Jefferson,WR,NFC
2020,T.J. Hockenson,TE,NFC
2020,Evan Engram,TE,NFC
2020,David Bakhtiari,OT,NFC
2020,Trent Williams,OT,NFC
2020,Terron Armstead,OT,NFC
2020,Brandon Scherff,OG,NFC
2020,Elgton Jenkins,OG,NFC
2020,Andrus Peat,OG,NFC
2020,Jason Kelce,C,NFC
2020,Frank Ragnow,C,NFC
2020,Cameron Jordan,DE,NFC
2020,Brandon Graham,DE,NFC
2020,Chase Young,DE,NFC
2020,Aaron Donald,DT,NFC
2020,Fletcher Cox,DT,NFC
2020,Grady Jarrett,DT,NFC
2020,Za'Darius Smith,OLB,NFC
2020,Khalil Mack,OLB,NFC
2020,Jason Pierre-Paul,OLB,NFC
2020,Bobby Wagner,ILB,NFC
2020,Fred Warner,ILB,NFC
2020,Jalen Ramsey,CB,NFC
2020,Jaire Alexander,CB,NFC
2020,Marshon Lattimore,CB,NFC
2020,James Bradberry,CB,NFC
2020,Quandre Diggs,FS,NFC
2020,Jamal Adams,FS,NFC
2020,Budda Baker,SS,NFC
2020,Jack Fox,P,NFC
2020,Younghoe Koo,K,NFC
2020,Cordarrelle Patterson,KR,NFC
2020,Nick Bellore,ST,NFC
2020,Tyler Ott,LS,NFC
2021,Justin Herbert,QB,AFC
2021,Patrick Mahomes,QB,AFC
2021,Lamar Jackson,QB,AFC
2021,Mac Jones,QB,AFC
2021,Jonathan Taylor,RB,AFC
2021,Nick Chubb,RB,AFC
2021,Joe Mixon,RB,AFC
2021,Najee Harris,RB,AFC
2021,Patrick Ricard,FB,AFC
2021,Tyreek Hill,WR,AFC
2021,Ja'Marr Chase,WR,AFC
2021,Stefon Diggs,WR,AFC
2021,Keenan Allen,WR,AFC
2021,Hunter Renfrow,WR,AFC
2021,Diontae Johnson,WR,AFC
2021,Mark Andrews,TE,AFC
2021,Travis Kelce,TE,AFC
2021,Rashawn Slater,OT,AFC
2021,Orlando Brown Jr.,OT,AFC
2021,Dion Dawkins,OT,AFC
2021,Quenton Nelson,OG,AFC
2021,Joel Bitonio,OG,AFC
2021,Wyatt Teller,OG,AFC
2021,Rodger Saffold,OG,AFC
2021,Corey Linsley,C,AFC
2021,Ryan Kelly,C,AFC
2021,Myles Garrett,DE,AFC
2021,Maxx Crosby,DE,AFC
2021,Trey Hendrickson,DE,AFC
2021,Frank Clark,DE,AFC
2021,DeForest Buckner,DT,AFC
2021,Chris Jones,DT,AFC
2021,Cameron Heyward,DT,AFC
2021,Jeffery Simmons,DT,AFC
2021,T.J. Watt,OLB,AFC
2021,Joey Bosa,OLB,AFC
2021,Matthew Judon,OLB,AFC
2021,Harold Landry,OLB,AFC
2021,Shaquille Leonard,ILB,AFC
2021,Denzel Perryman,ILB,AFC
2021,J.C. Jackson,CB,AFC
2021,Xavien Howard,CB,AFC
2021,Denzel Ward,CB,AFC
2021,Kenny Moore II,CB,AFC
2021,Kevin Byard,FS,AFC
2021,Tyrann Mathieu,S,AFC
2021,Derwin James,SS,AFC
2021,A.J. Cole III,P,AFC
2021,Justin Tucker,K,AFC
2021,Devin Duvernay,KR,AFC
2021,Matthew Slater,ST,AFC
2021,Luke Rhodes,LS,AFC
2021,Kyler Murray,QB,NFC
2021,Aaron Rodgers,QB,NFC
2021,Tom Brady,QB,NFC
2021,Kirk Cousins,QB,NFC
2021,Russell Wilson,QB,NFC
2021,Dalvin Cook,RB,NFC
2021,James Conner,RB,NFC
2021,Alvin Kamara,RB,NFC
2021,Kyle Juszczyk,FB,NFC
2021,Cooper Kupp,WR,NFC
2021,Davante Adams,WR,NFC
2021,Justin Jefferson,WR,NFC
2021,Deebo Samuel,WR,NFC
2021,Mike Evans,WR,NFC
2021,CeeDee Lamb,WR,NFC
2021,George Kittle,TE,NFC
2021,Kyle Pitts,TE,NFC
2021,Trent Williams,OT,NFC
2021,Tristan Wirfs,OT,NFC
2021,Tyron Smith,OT,NFC
2021,Duane Brown,OT,NFC
2021,Brian O'Neill,OT,NFC
2021,D.J. Humphries,OT,NFC
2021,Zack Martin,OG,NFC
2021,Brandon Scherff,OG,NFC
2021,Ali Marpet,OG,NFC
2021,Jonah Jackson,OG,NFC
2021,Laken Tomlinson,OG,NFC
2021,Jason Kelce,C,NFC
2021,Ryan Jensen,C,NFC
2021,Alex Mack,C,NFC
2021,Nick Bosa,DE,NFC
2021,Brian Burns,DE,NFC
2021,Cameron Jordan,DE,NFC
2021,Josh Sweat,DE,NFC
2021,Aaron Donald,DT,NFC
2021,Jonathan Allen,DT,NFC
2021,Kenny Clark,DT,NFC
2021,Javon Hargrave,DT,NFC
2021,Vita Vea,DT,NFC
2021,Chandler Jones,OLB,NFC
2021,Robert Quinn,OLB,NFC
2021,Shaquil Barrett,OLB,NFC
2021,Micah Parsons,ILB,NFC
2021,Bobby Wagner,ILB,NFC
2021,Devin White,ILB,NFC
2021,Trevon Diggs,CB,NFC
2021,Jalen Ramsey,CB,NFC
2021,Darius Slay,CB,NFC
2021,Marshon Lattimore,CB,NFC
2021,Stephon Gilmore,CB,NFC
2021,Quandre Diggs,FS,NFC
2021,Harrison Smith,FS,NFC
2021,Antoine Winfield Jr.,FS,NFC
2021,Budda Baker,SS,NFC
2021,Bryan Anger,P,NFC
2021,Matt Gay,K,NFC
2021,Jake Elliott,K,NFC
2021,Jakeem Grant,KR,NFC
2021,J.T. Gray,ST,NFC
2021,Josh Harris,LS,NFC
2022,Patrick Mahomes,QB,AFC
2022,Josh Allen,QB,AFC
2022,Joe Burrow,QB,AFC
2022,Tyler Huntley,QB,AFC
2022,Trevor Lawrence,QB,AFC
2022,Derek Carr,QB,AFC
2022,Nick Chubb,RB,AFC
2022,Josh Jacobs,RB,AFC
2022,Derrick Henry,RB,AFC
2022,Patrick Ricard,FB,AFC
2022,Tyreek Hill,WR,AFC
2022,Stefon Diggs,WR,AFC
2022,Ja'Marr Chase,WR,AFC
2022,Davante Adams,WR,AFC
2022,Travis Kelce,TE,AFC
2022,Mark Andrews,TE,AFC
2022,Dawson Knox,TE,AFC
2022,Laremy Tunsil,OT,AFC
2022,Terron Armstead,OT,AFC
2022,Orlando Brown Jr.,OT,AFC
2022,Dion Dawkins,OT,AFC
2022,Quenton Nelson,OG,AFC
2022,Joel Bitonio,OG,AFC
2022,Joe Thuney,OG,AFC
2022,Rodger Saffold,OG,AFC
2022,Wyatt Teller,OG,AFC
2022,Creed Humphrey,C,AFC
2022,Mitch Morse,C,AFC
2022,Ben Jones,C,AFC
2022,Myles Garrett,DE,AFC
2022,Maxx Crosby,DE,AFC
2022,Trey Hendrickson,DE,AFC
2022,Chris Jones,DT,AFC
2022,Quinnen Williams,DT,AFC
2022,Jeffery Simmons,DT,AFC
2022,Cameron Heyward,DT,AFC
2022,Matthew Judon,OLB,AFC
2022,Khalil Mack,OLB,AFC
2022,T.J. Watt,OLB,AFC
2022,Matt Milano,OLB,AFC
2022,Bradley Chubb,OLB,AFC
2022,Roquan Smith,ILB,AFC
2022,C.J. Mosley,ILB,AFC
2022,Sauce Gardner,CB,AFC
2022,Patrick Surtain II,CB,AFC
2022,Marlon Humphrey,CB,AFC
2022,Xavien Howard,CB,AFC
2022,Minkah Fitzpatrick,FS,AFC
2022,Derwin James,SS,AFC
2022,Jordan Poyer,SS,AFC
2022,Morgan Cox,LS,AFC
2022,Tommy Townsend,P,AFC
2022,A.J. Cole III,P,AFC
2022,Justin Tucker,K,AFC
2022,Devin Duvernay,KR,AFC
2022,Jamal Agnew,KR,AFC
2022,Justin Hardee,ST,AFC
2022,Jalen Hurts,QB,NFC
2022,Geno Smith,QB,NFC
2022,Kirk Cousins,QB,NFC
2022,Jared Goff,QB,NFC
2022,Saquon Barkley,RB,NFC
2022,Tony Pollard,RB,NFC
2022,Miles Sanders,RB,NFC
2022,Dalvin Cook,RB,NFC
2022,Christian McCaffrey,RB,NFC
2022,Kyle Juszczyk,FB,NFC
2022,Justin Jefferson,WR,NFC
2022,A.J. Brown,WR,NFC
2022,CeeDee Lamb,WR,NFC
2022,Terry McLaurin,WR,NFC
2022,Amon-Ra St. Brown,WR,NFC
2022,George Kittle,TE,NFC
2022,T.J. Hockenson,TE,NFC
2022,Trent Williams,OT,NFC
2022,Lane Johnson,OT,NFC
2022,Tristan Wirfs,OT,NFC
2022,Penei Sewell,OT,NFC
2022,Zack Martin,OG,NFC
2022,Landon Dickerson,OG,NFC
2022,Chris Lindstrom,OG,NFC
2022,Elgton Jenkins,OG,NFC
2022,Jason Kelce,C,NFC
2022,Frank Ragnow,C,NFC
2022,Tyler Biadasz,C,NFC
2022,Nick Bosa,DE,NFC
2022,Brian Burns,DE,NFC
2022,DeMarcus Lawrence,DE,NFC
2022,Cameron Jordan,DE,NFC
2022,Aaron Donald,DT,NFC
2022,Jonathan Allen,DT,NFC
2022,Dexter Lawrence,DT,NFC
2022,Daron Payne,DT,NFC
2022,Micah Parsons,OLB,NFC
2022,Za'Darius Smith,OLB,NFC
2022,Haason Reddick,OLB,NFC
2022,Danielle Hunter,OLB,NFC
2022,Fred Warner,ILB,NFC
2022,Demario Davis,ILB,NFC
2022,Darius Slay,CB,NFC
2022,Trevon Diggs,CB,NFC
2022,Tariq Woolen,CB,NFC
2022,Jaire Alexander,CB,NFC
2022,Jalen Ramsey,CB,NFC
2022,Quandre Diggs,FS,NFC
2022,Budda Baker,SS,NFC
2022,Talanoa Hufanga,SS,NFC
2022,Andrew DePaola,LS,NFC
2022,Tress Way,P,NFC
2022,Jason Myers,K,NFC
2022,KaVontae Turpin,KR,NFC
2022,Jeremy Reaves,ST,NFC
2023,Tua Tagovailoa,QB,AFC
2023,Lamar Jackson,QB,AFC
2023,Patrick Mahomes,QB,AFC
2023,C.J. Stroud,QB,AFC
2023,Gardner Minshew,QB,AFC
2023,Raheem Mostert,RB,AFC
2023,James Cook,RB,AFC
2023,Derrick Henry,RB,AFC
2023,Alec Ingold,FB,AFC
2023,Tyreek Hill,WR,AFC
2023,Amari Cooper,WR,AFC
2023,Keenan Allen,WR,AFC
2023,Ja'Marr Chase,WR,AFC
2023,Stefon Diggs,WR,AFC
2023,Travis Kelce,TE,AFC
2023,David Njoku,TE,AFC
2023,Evan Engram,TE,AFC
2023,Laremy Tunsil,OT,AFC
2023,Dion Dawkins,OT,AFC
2023,Terron Armstead,OT,AFC
2023,Quenton Nelson,OG,AFC
2023,Joel Bitonio,OG,AFC
2023,Joe Thuney,OG,AFC
2023,Wyatt Teller,OG,AFC
2023,Kevin Zeitler,OG,AFC
2023,Creed Humphrey,C,AFC
2023,Tyler Linderbaum,C,AFC
2023,Ryan Kelly,C,AFC
2023,Myles Garrett,DE,AFC
2023,Maxx Crosby,DE,AFC
2023,Trey Hendrickson,DE,AFC
2023,Will Anderson Jr.,DE,AFC
2023,Chris Jones,DT,AFC
2023,Quinnen Williams,DT,AFC
2023,Justin Madubuike,DT,AFC
2023,DeForest Buckner,DT,AFC
2023,T.J. Watt,OLB,AFC
2023,Khalil Mack,OLB,AFC
2023,Josh Allen,OLB,AFC
2023,Jeremiah Owusu-Koramoah,OLB,AFC
2023,Jermaine Johnson II,OLB,AFC
2023,Roquan Smith,ILB,AFC
2023,Patrick Queen,ILB,AFC
2023,Patrick Surtain II,CB,AFC
2023,Sauce Gardner,CB,AFC
2023,Jalen Ramsey,CB,AFC
2023,Denzel Ward,CB,AFC
2023,Justin Simmons,S,AFC
2023,Minkah Fitzpatrick,S,AFC
2023,Kyle Hamilton,S,AFC
2023,Ross Matiscik,LS,AFC
2023,A.J. Cole III,P,AFC
2023,Justin Tucker,K,AFC
2023,Marvin Mims,KR,AFC
2023,Miles Killebrew,ST,AFC
2023,Brock Purdy,QB,NFC
2023,Dak Prescott,QB,NFC
2023,Matthew Stafford,QB,NFC
2023,Jalen Hurts,QB,NFC
2023,Baker Mayfield,QB,NFC
2023,Geno Smith,QB,NFC
2023,Christian McCaffrey,RB,NFC
2023,D'Andre Swift,RB,NFC
2023,Kyren Williams,RB,NFC
2023,Jahmyr Gibbs,RB,NFC
2023,Kyle Juszczyk,FB,NFC
2023,C.J. Ham,FB,NFC
2023,CeeDee Lamb,WR,NFC
2023,A.J. Brown,WR,NFC
2023,Mike Evans,WR,NFC
2023,Puka Nacua,WR,NFC
2023,Amon-Ra St. Brown,WR,NFC
2023,DK Metcalf,WR,NFC
2023,George Kittle,TE,NFC
2023,Sam LaPorta,TE,NFC
2023,Jake Ferguson,TE,NFC
2023,Trent Williams,OT,NFC
2023,Lane Johnson,OT,NFC
2023,Penei Sewell,OT,NFC
2023,Tristan Wirfs,OT,NFC
2023,Zack Martin,OG,NFC
2023,Chris Lindstrom,OG,NFC
2023,Landon Dickerson,OG,NFC
2023,Tyler Smith,OG,NFC
2023,Jason Kelce,C,NFC
2023,Frank Ragnow,C,NFC
2023,Erik McCoy,C,NFC
2023,Nick Bosa,DE,NFC
2023,Montez Sweat,DE,NFC
2023,Aidan Hutchinson,DE,NFC
2023,DeMarcus Lawrence,DE,NFC
2023,Aaron Donald,DT,NFC
2023,Dexter Lawrence,DT,NFC
2023,Javon Hargrave,DT,NFC
2023,Derrick Brown,DT,NFC
2023,Kenny Clark,DT,NFC
2023,Micah Parsons,OLB,NFC
2023,Danielle Hunter,OLB,NFC
2023,Haason Reddick,OLB,NFC
2023,Fred Warner,ILB,NFC
2023,Bobby Wagner,ILB,NFC
2023,Demario Davis,ILB,NFC
2023,DaRon Bland,CB,NFC
2023,Charvarius Ward,CB,NFC
2023,Jaylon Johnson,CB,NFC
2023,Devon Witherspoon,CB,NFC
2023,Darius Slay,CB,NFC
2023,Jessie Bates,S,NFC
2023,Budda Baker,S,NFC
2023,Julian Love,S,NFC
2023,Andrew DePaola,LS,NFC
2023,Bryan Anger,P,NFC
2023,Brandon Aubrey,K,NFC
2023,Rashid Shaheed,KR,NFC
2023,Nick Bellore,ST,NFC
2024,Josh Allen,QB,AFC
2024,Joe Burrow,QB,AFC
2024,Lamar Jackson,QB,AFC
2024,Drake Maye,QB,AFC
2024,Russell Wilson,QB,AFC
2024,Derrick Henry,RB,AFC
2024,Joe Mixon,RB,AFC
2024,Jonathan Taylor,RB,AFC
2024,James Cook,RB,AFC
2024,Patrick Ricard,FB,AFC
2024,Ja'Marr Chase,WR,AFC
2024,Jerry Jeudy,WR,AFC
2024,Nico Collins,WR,AFC
2024,Zay Flowers,WR,AFC
2024,Brian Thomas Jr.,WR,AFC
2024,Brock Bowers,TE,AFC
2024,Travis Kelce,TE,AFC
2024,Jonnu Smith,TE,AFC
2024,Dion Dawkins,OT,AFC
2024,Laremy Tunsil,OT,AFC
2024,Rashawn Slater,OT,AFC
2024,Ronnie Stanley,OT,AFC
2024,Quenton Nelson,OG,AFC
2024,Joe Thuney,OG,AFC
2024,Trey Smith,OG,AFC
2024,Joel Bitonio,OG,AFC
2024,Isaac Seumalo,OG,AFC
2024,Creed Humphrey,C,AFC
2024,Tyler Linderbaum,C,AFC
2024,Connor McGovern,C,AFC
2024,Myles Garrett,DE,AFC
2024,Trey Hendrickson,DE,AFC
2024,Maxx Crosby,DE,AFC
2024,Danielle Hunter,DE,AFC
2024,Cameron Heyward,DT,AFC
2024,Chris Jones,DT,AFC
2024,Nnamdi Madubuike,DT,AFC
2024,Quinnen Williams,DT,AFC
2024,Jeffery Simmons,DT,AFC
2024,Nik Bonitto,OLB,AFC
2024,T.J. Watt,OLB,AFC
2024,Khalil Mack,OLB,AFC
2024,Kyle Van Noy,OLB,AFC
2024,Joey Bosa,OLB,AFC
2024,Roquan Smith,ILB,AFC
2024,Zaire Franklin,ILB,AFC
2024,Patrick Queen,ILB,AFC
2024,Derek Stingley Jr.,CB,AFC
2024,Patrick Surtain II,CB,AFC
2024,Marlon Humphrey,CB,AFC
2024,Denzel Ward,CB,AFC
2024,Minkah Fitzpatrick,FS,AFC
2024,Kyle Hamilton,SS,AFC
2024,Derwin James,SS,AFC
2024,Ross Matiscik,LS,AFC
2024,Logan Cooke,P,AFC
2024,Chris Boswell,K,AFC
2024,Marvin Mims,KR,AFC
2024,Brenden Schooler,ST,AFC
2024,Miles Killebrew,ST,AFC
2024,Jared Goff,QB,NFC
2024,Sam Darnold,QB,NFC
2024,Jayden Daniels,QB,NFC
2024,Baker Mayfield,QB,NFC
2024,Saquon Barkley,RB,NFC
2024,Jahmyr Gibbs,RB,NFC
2024,Josh Jacobs,RB,NFC
2024,Bijan Robinson,RB,NFC
2024,Kyle Juszczyk,FB,NFC
2024,Justin Jefferson,WR,NFC
2024,Amon-Ra St. Brown,WR,NFC
2024,CeeDee Lamb,WR,NFC
2024,Terry McLaurin,WR,NFC
2024,Malik Nabers,WR,NFC
2024,Mike Evans,WR,NFC
2024,Jaxon Smith-Njigba,WR,NFC
2024,George Kittle,TE,NFC
2024,Trey McBride,TE,NFC
2024,Penei Sewell,OT,NFC
2024,Lane Johnson,OT,NFC
2024,Tristan Wirfs,OT,NFC
2024,Taylor Decker,OT,NFC
2024,Brian O'Neill,OT,NFC
2024,Landon Dickerson,OG,NFC
2024,Tyler Smith,OG,NFC
2024,Chris Lindstrom,OG,NFC
2024,Robert Hunt,OG,NFC
2024,Frank Ragnow,C,NFC
2024,Cam Jurgens,C,NFC
2024,Erik McCoy,C,NFC
2024,Nick Bosa,DE,NFC
2024,Micah Parsons,DE,NFC
2024,Rashan Gary,DE,NFC
2024,Dexter Lawrence,DT,NFC
2024,Jalen Carter,DT,NFC
2024,Vita Vea,DT,NFC
2024,Leonard Williams,DT,NFC
2024,Jonathan Greenard,OLB,NFC
2024,Andrew Van Ginkel,OLB,NFC
2024,Jared Verse,OLB,NFC
2024,Fred Warner,ILB,NFC
2024,Zack Baun,ILB,NFC
2024,Bobby Wagner,ILB,NFC
2024,Jaylon Johnson,CB,NFC
2024,Byron Murphy Jr.,CB,NFC
2024,Jaycee Horn,CB,NFC
2024,Devon Witherspoon,CB,NFC
2024,Xavier McKinney,FS,NFC
2024,Budda Baker,SS,NFC
2024,Brian Branch,SS,NFC
2024,Andrew DePaola,LS,NFC
2024,Jack Fox,P,NFC
2024,Brandon Aubrey,K,NFC
2024,KaVontae Turpin,KR,NFC
2024,KhaDarel Hodge,ST,NFC
